Index,Keyword,Tweets
0,Deep Running,Dont forget less cryptic text White House running Make mistake Obama knee deep
1,Deep Running,Dont forget less cryptic text White House running Make mistake Obama knee deep scandal
2,Deep Running,Shid dream running Jason killer 4 wheeler Whatley shit got deep mi
3,Deep Running,These jokers always keep running mosques Mecca whenever get ensnared scandals crimes They trivialise
4,Deep Running,These jokers always keep running mosques Mecca whenever get ensnared scandals crimes They trivialise
5,Deep Running,These jokers always keep running mosques Mecca whenever get ensnared scandals crimes They trivialise
6,Deep Running,These jokers always keep running mosques Mecca whenever get ensnared scandals crimes They trivialise
7,Deep Running,My unit Deep State 88 begin maneuvers courtyard public library No
8,Deep Running,These jokers always keep running mosques Mecca whenever get ensnared scandals crimes They trivialise
9,Deep Running,Yesterday 's deep dark state powers -seemingly also running 's high court- asked Catalan President Torra 's
10,Deep Running,Make mistake The left Democrats deep state terrified Barr Durham They running scared
11,Deep Running,These jokers always keep running mosques Mecca whenever get ensnared scandals crimes They trivialise
12,Deep Running,These jokers always keep running mosques Mecca whenever get ensnared scandals crimes They trivialise
13,Deep Running,These jokers always keep running mosques Mecca whenever get ensnared scandals crimes They trivialise
14,Deep Running,These jokers always keep running mosques Mecca whenever get ensnared scandals crimes They trivialise
15,Deep Running,These jokers always keep running mosques Mecca whenever get ensnared scandals crimes They trivialise
16,Deep Running,These jokers always keep running mosques Mecca whenever get ensnared scandals crimes They trivialise
17,Deep Running,These jokers always keep running mosques Mecca whenever get ensnared scandals crimes They trivialise
18,Deep Running,Scholar Richard Dekold firm believer routinely things force dig deep overcome mental
19,Deep Running,Former CIA Spook Kevin Shipp Eric Holder Just Revealed That The Deep State Is Running Scared
20,Deep Running,You think *we* problems In Australia towns completely run water hundreds
21,Deep Running,ICYMI Former CIA Spook Eric Holder Just Revealed That The Deep State Is Running Scared
22,Deep Running,lt power needed simply match In case I digress '' It point rested h
23,Deep Running,Well honest n't one us ... .when mom flustered angry ... .if heard `` Terri
24,Deep Running,You think *we* problems In Australia towns completely run water hundreds
25,Deep Running,ICYMI Former CIA Spook Eric Holder Just Revealed That The Deep State Is Running Scared
26,Deep Running,Hold Giuliani report appearance senate tha
27,Deep Running,Boom McSally must hand-shake deal behind scenes Deep-state support T
28,Deep Running,deep freezer shop She looked ended call looked outside see I running T
29,Deep Running,Late night I roaming I ai n't getting sleep It 's hard stay focused pain running deep
30,Deep Running,... home I smell exactly like bloke running around heatwave ankle deep dead bat I
31,Deep Running,These jokers always keep running mosques Mecca whenever get ensnared scandals crimes They trivialise
32,Deep Running,Context matters Horrible year nationwide Dems deep red stat
33,Deep Running,As dawn light shines trees I 'm running far ... bodies deep ... one fin
34,Deep Running,These jokers always keep running mosques Mecca whenever get ensnared scandals crimes They trivialise
35,Deep Running,ICYMI Former CIA Spook Eric Holder Just Revealed That The Deep State Is Running Scared
36,Deep Running,10/ In 2020 StrategyU focusing running additional LIVE workshops every 3 months working 1-2 corpor
37,Deep Running,Why men see running bad sex If 's running means 're going deep potentially bruis
38,Deep Running,These jokers always keep running mosques Mecca whenever get ensnared scandals crimes They trivialise
39,Deep Running,These jokers always keep running mosques Mecca whenever get ensnared scandals crimes They trivialise
40,Deep Running,Christmas Coming running deep amp meaningful gift ideas
41,Deep Running,These jokers always keep running mosques Mecca whenever get ensnared scandals crimes They trivialise
42,Deep Running,Another Task Sequence Tip posted deep dive Pausing TS running WinPE TS running Full
43,Deep Running,These jokers always keep running mosques Mecca whenever get ensnared scandals crimes They trivialise
44,Deep Running,These jokers always keep running mosques Mecca whenever get ensnared scandals crimes They trivialise
45,Deep Running,These jokers always keep running mosques Mecca whenever get ensnared scandals crimes They trivialise
46,Deep Running,These jokers always keep running mosques Mecca whenever get ensnared scandals crimes They trivialise
47,Deep Running,These jokers always keep running mosques Mecca whenever get ensnared scandals crimes They trivialise
48,Deep Running,Oh wow feeling emotional Thx words run -- poem written time
49,Deep Running,These jokers always keep running mosques Mecca whenever get ensnared scandals crimes They trivialise
