0,alphago,`` When Google AlphaGo defeated Lee Sedol world best Go player 2016 ... Lee simply ... left ro
1,alphago,Would replaced 's delivered helped install AlphaGo garden sent heart failure
2,alphago,Would replaced 's delivered helped install AlphaGo garden sent heart failure
3,alphago,There ZERO injustice indefinitely delaying vote formally serv
4,alphago,Game Changer simply best book I 've read year It 's one exciting stories ever
5,alphago,know probably n't consider Ha Seokjin member Korean 's brainiacs An al
6,alphago,AlphaGo vs. AlphaGo Michael Redmond 9p Game 32 via
7,alphago,Human vs. AI Board Game Champ Who Surrendered Google Beats AI Surprise Game
8,alphago,My favorite board game go Wei Chi 's oldest continually played game worl
9,alphago,From last night reading _The Girl Who Played Go_ Ms11 assessment She play
10,alphago,There 's lot cool work 80s 90s could benefit deep
11,alphago,So I watched talks Methinks given success AlphaGo etc fast path applications via
12,alphago,Google 's AI AlphaGo Is Beating Humanity At Its Own Games HBO via
13,alphago,Got reader letter saying English article could find Lee 's latest play AI Gues
14,alphago,Damn He beat AlphaGo
15,alphago,South Korean world champion ancient Chinese board game defeated first three
16,alphago,Congrats toTejavi Kumar Robotics FTC Rookie team AlphaGo 1st place win competing two
17,alphago,Game Changer simply best book I 've read year It 's one exciting stories ever
18,alphago,South Korean world champion ancient Chinese board game defeated first three
19,alphago,My answer Why China originally plan broadcast Google 's AlphaGo match Ke Jie pulled broadc
20,alphago,South Korean world champion ancient Chinese board game defeated first three
21,alphago,vs 2nd vs bette
22,alphago,China absolutely kick America 's ass AI America n't get shit together AlphaGo beating Go world
23,alphago,Deep Learning AlphaGo Zero Explained In One Picture
24,alphago,Lee Se Dol Revealed That He Lost 7 kg When He Was Playing Alpha Go
25,alphago,amp AI game-playing programs trained Monte Carlo tree search whose roots adaptive multistag
26,alphago,amp AI game-playing programs trained Monte Carlo tree search whose roots adaptiv
27,alphago,This comes weeks Lee Sedol quit professional Go AlphaGo `` defeated ''
28,alphago,Go Champion Lee Sedol Known Rivaling AlphaGo Beat AI New Game
29,alphago,Human vs. AI Board Game Champ Who Surrendered Google Beats AI Surprise Game
30,alphago,The board game Go possible moves game total number atoms universe The AI progra
31,alphago,Because Lee next match even match There 5 matches In even match handicaps L
32,alphago,Just watched inspiring Documentary AlphaGo Google DeepMind 's AI program beat world 's best player
33,alphago,Even 2 stones advantage Lee expected lose top pros lost AI But match
34,alphago,South Korean world champion ancient Chinese board game defeated first three
35,alphago,Like match AlphaGo Lee 's retirement match also deeply emotional In pro go circuit retire
36,alphago,South Korean world champion ancient Chinese board game defeated first three
37,alphago,Game Changer simply best book I 've read year It 's one exciting stories ever
38,alphago,South Korean world champion ancient Chinese board game defeated first three
39,alphago,champion player retired He 18 international titles lost His parting quote
40,alphago,champion player retired He 18 international titles lost His parting
41,alphago,South Korean world champion ancient Chinese board game defeated first three
42,alphago,South Korean world champion ancient Chinese board game defeated first three
43,alphago,South Korean world champion ancient Chinese board game defeated first three
44,alphago,South Korean world champion ancient Chinese board game defeated first th
45,alphago,So still behind several years ago
46,alphago,Just watched inspiring Documentary AlphaGo Google DeepMind 's AI program beat world 's best player
47,alphago,vs vs better The fir
48,alphago,Korea 's all-time Go master Lee Se-dol beat game opponent powered locally developed artificial
49,alphago,Deep Reinforcement Learning Hands-On Apply modern RL methods deep Q-networks value iteration policy gradients
